date,tag,asset,downloads
2026-09-28,v0.1.1,appcast.xml,0
2026-09-28,v0.1.1,Parrot-0.1.1.dmg,0
2026-09-28,v0.1.1,Parrot-0.1.1.dmg.sha256,0
2026-09-28,v0.1.1,Parrot-0.1.1.zip,0
2026-09-28,v0.1.1,Parrot.dmg,0
2026-09-28,v0.1.1,Parrot.dmg.sha256,0
2026-09-28,v0.1.0,appcast.xml,2
2026-09-28,v0.1.0,Parrot-0.1.0.dmg,0
2026-09-28,v0.1.0,Parrot-0.1.0.dmg.sha256,0
2026-09-28,v0.1.0,Parrot-0.1.0.zip,0
2026-09-28,v0.1.0,Parrot.dmg,5
2026-09-28,v0.1.0,Parrot.dmg.sha256,0
2026-09-28,v0.0.5,parrot-macos-arm64.tar.gz,1477
2026-09-28,v0.0.5,parrot-macos-arm64.tar.gz.sha256,132
2026-09-28,v0.0.4,parrot-macos-arm64.tar.gz,6
2026-09-28,v0.0.4,parrot-macos-arm64.tar.gz.sha256,0
2026-09-28,v0.0.3,parrot-macos-arm64.tar.gz,3
2026-09-28,v0.0.3,parrot-macos-arm64.tar.gz.sha256,0
2026-09-28,v0.0.2,parrot-macos-arm64.tar.gz,2
2026-09-28,v0.0.2,parrot-macos-arm64.tar.gz.sha256,0
2026-09-28,v0.0.1,parrot-macos-arm64.tar.gz,2
2026-09-28,v0.0.1,parrot-macos-arm64.tar.gz.sha256,0
2026-09-29,v0.2.1,appcast.xml,139
2026-09-29,v0.2.1,Parrot-0.2.1.dmg,4
2026-09-29,v0.2.1,Parrot-0.2.1.dmg.sha256,1
2026-09-29,v0.2.1,Parrot-0.2.1.zip,10
2026-09-29,v0.2.1,Parrot.dmg,161
2026-09-29,v0.2.1,Parrot.dmg.sha256,3
2026-09-29,v0.2.0,appcast.xml,79
2026-09-29,v0.2.0,Parrot-0.2.0.dmg,5
2026-09-29,v0.2.0,Parrot-0.2.0.dmg.sha256,1
2026-09-29,v0.2.0,Parrot-0.2.0.zip,3
2026-09-29,v0.2.0,Parrot.dmg,127
2026-09-29,v0.2.0,Parrot.dmg.sha256,3
2026-09-29,v0.1.2,appcast.xml,22
2026-09-29,v0.1.2,Parrot-0.1.2.dmg,1
2026-09-29,v0.1.2,Parrot-0.1.2.dmg.sha256,0
2026-09-29,v0.1.2,Parrot-0.1.2.zip,2
2026-09-29,v0.1.2,Parrot.dmg,10
2026-09-29,v0.1.2,Parrot.dmg.sha256,6
2026-09-29,v0.1.1,appcast.xml,2
2026-09-29,v0.1.1,Parrot-0.1.1.dmg,1
2026-09-29,v0.1.1,Parrot-0.1.1.dmg.sha256,0
2026-09-29,v0.1.1,Parrot-0.1.1.zip,1
2026-09-29,v0.1.1,Parrot.dmg,2
2026-09-29,v0.1.1,Parrot.dmg.sha256,1
2026-09-29,v0.1.0,appcast.xml,2
2026-09-29,v0.1.0,Parrot-0.1.0.dmg,0
2026-09-29,v0.1.0,Parrot-0.1.0.dmg.sha256,0
2026-09-29,v0.1.0,Parrot-0.1.0.zip,0
2026-09-29,v0.1.0,Parrot.dmg,5
2026-09-29,v0.1.0,Parrot.dmg.sha256,0
2026-09-29,v0.0.5,parrot-macos-arm64.tar.gz,1477
2026-09-29,v0.0.5,parrot-macos-arm64.tar.gz.sha256,132
2026-09-29,v0.0.4,parrot-macos-arm64.tar.gz,6
2026-09-29,v0.0.4,parrot-macos-arm64.tar.gz.sha256,0
2026-09-29,v0.0.3,parrot-macos-arm64.tar.gz,3
2026-09-29,v0.0.3,parrot-macos-arm64.tar.gz.sha256,0
2026-09-29,v0.0.2,parrot-macos-arm64.tar.gz,2
2026-09-29,v0.0.2,parrot-macos-arm64.tar.gz.sha256,0
2026-09-29,v0.0.1,parrot-macos-arm64.tar.gz,2
2026-09-29,v0.0.1,parrot-macos-arm64.tar.gz.sha256,0
2026-10-02,v0.2.3-fork.1,Parrot-0.2.3-fork.1.dmg,3
2026-10-02,v0.2.3-fork.1,Parrot-0.2.3-fork.1.dmg.sha256,0
2026-10-02,v0.2.1-fork.1,Parrot-0.2.1-fork.1.dmg,1
2026-10-02,v0.2.1-fork.1,Parrot-0.2.1-fork.1.dmg.sha256,0
